{
  "Anxiety": {
    "precision": 0.7997293640054127,
    "recall": 0.8185595567867036,
    "f1-score": 0.8090349075975359,
    "support": 722.0
  },
  "Bipolar": {
    "precision": 0.8444976076555024,
    "recall": 0.706,
    "f1-score": 0.7690631808278867,
    "support": 500.0
  },
  "Depression": {
    "precision": 0.7035947712418301,
    "recall": 0.7136228041100431,
    "f1-score": 0.7085733091986177,
    "support": 3017.0
  },
  "Normal": {
    "precision": 0.8915733647613435,
    "recall": 0.9465123553331248,
    "f1-score": 0.9182218176301017,
    "support": 3197.0
  },
  "Personality disorder": {
    "precision": 0.8736842105263158,
    "recall": 0.46368715083798884,
    "f1-score": 0.6058394160583942,
    "support": 179.0
  },
  "Stress": {
    "precision": 0.683076923076923,
    "recall": 0.48577680525164113,
    "f1-score": 0.5677749360613811,
    "support": 457.0
  },
  "Suicidal": {
    "precision": 0.6665129151291513,
    "recall": 0.6793606017865539,
    "f1-score": 0.6728754365541327,
    "support": 2127.0
  },
  "accuracy": 0.7719384253358172,
  "macro avg": {
    "precision": 0.7803813080566399,
    "recall": 0.6876456105865794,
    "f1-score": 0.7216261434182929,
    "support": 10199.0
  },
  "weighted avg": {
    "precision": 0.7705645136413712,
    "recall": 0.7719384253358172,
    "f1-score": 0.7688106749014778,
    "support": 10199.0
  }
}