{
  "min": 0,
  "p25": 15.0,
  "median": 61.0,
  "p75": 147.5,
  "max": 6300,
  "mean": 112.38646004185284,
  "std": 163.43981572483716
}