{
  "Anxiety": {
    "precision": 0.7827763496143959,
    "recall": 0.8434903047091413,
    "f1-score": 0.812,
    "support": 722.0
  },
  "Bipolar": {
    "precision": 0.8017429193899782,
    "recall": 0.736,
    "f1-score": 0.7674661105318039,
    "support": 500.0
  },
  "Depression": {
    "precision": 0.7587476979742173,
    "recall": 0.6827974809413324,
    "f1-score": 0.7187718073970691,
    "support": 3017.0
  },
  "Normal": {
    "precision": 0.8858885017421603,
    "recall": 0.9543321864247732,
    "f1-score": 0.9188375244692064,
    "support": 3197.0
  },
  "Personality disorder": {
    "precision": 0.8141592920353983,
    "recall": 0.5139664804469274,
    "f1-score": 0.6301369863013698,
    "support": 179.0
  },
  "Stress": {
    "precision": 0.6238738738738738,
    "recall": 0.6061269146608315,
    "f1-score": 0.6148723640399556,
    "support": 457.0
  },
  "Suicidal": {
    "precision": 0.6821015138023152,
    "recall": 0.7202632816173014,
    "f1-score": 0.7006631603018523,
    "support": 2127.0
  },
  "accuracy": 0.7833120894205314,
  "macro avg": {
    "precision": 0.7641843069189057,
    "recall": 0.7224252355429011,
    "f1-score": 0.7375354218630367,
    "support": 10199.0
  },
  "weighted avg": {
    "precision": 0.7813548507173943,
    "recall": 0.7833120894205314,
    "f1-score": 0.7804840569455003,
    "support": 10199.0
  }
}