{
  "Anxiety": {
    "precision": 0.7967479674796748,
    "recall": 0.814404432132964,
    "f1-score": 0.8054794520547945,
    "support": 722.0
  },
  "Bipolar": {
    "precision": 0.8413461538461539,
    "recall": 0.7,
    "f1-score": 0.7641921397379913,
    "support": 500.0
  },
  "Depression": {
    "precision": 0.6988786279683378,
    "recall": 0.7023533311236327,
    "f1-score": 0.7006116713506365,
    "support": 3017.0
  },
  "Normal": {
    "precision": 0.8823529411764706,
    "recall": 0.9477635283077885,
    "f1-score": 0.9138893077967124,
    "support": 3197.0
  },
  "Personality disorder": {
    "precision": 0.845360824742268,
    "recall": 0.4581005586592179,
    "f1-score": 0.5942028985507246,
    "support": 179.0
  },
  "Stress": {
    "precision": 0.6463414634146342,
    "recall": 0.4638949671772429,
    "f1-score": 0.5401273885350318,
    "support": 457.0
  },
  "Suicidal": {
    "precision": 0.6629526462395543,
    "recall": 0.6713681241184767,
    "f1-score": 0.6671338472319551,
    "support": 2127.0
  },
  "accuracy": 0.7656633003235611,
  "macro avg": {
    "precision": 0.7677115178381563,
    "recall": 0.6796978487884747,
    "f1-score": 0.7122338150368354,
    "support": 10199.0
  },
  "weighted avg": {
    "precision": 0.7630279633224767,
    "recall": 0.7656633003235611,
    "f1-score": 0.7619664665366188,
    "support": 10199.0
  }
}