{
  "Anxiety": {
    "precision": 0.7721518987341772,
    "recall": 0.8448753462603878,
    "f1-score": 0.8068783068783069,
    "support": 722.0
  },
  "Bipolar": {
    "precision": 0.7953091684434968,
    "recall": 0.746,
    "f1-score": 0.7698658410732714,
    "support": 500.0
  },
  "Depression": {
    "precision": 0.7618161518422032,
    "recall": 0.6784885647994696,
    "f1-score": 0.717741935483871,
    "support": 3017.0
  },
  "Normal": {
    "precision": 0.8832752613240418,
    "recall": 0.9515170472317798,
    "f1-score": 0.9161270892937811,
    "support": 3197.0
  },
  "Personality disorder": {
    "precision": 0.8103448275862069,
    "recall": 0.5251396648044693,
    "f1-score": 0.6372881355932203,
    "support": 179.0
  },
  "Stress": {
    "precision": 0.6089887640449438,
    "recall": 0.5929978118161926,
    "f1-score": 0.6008869179600886,
    "support": 457.0
  },
  "Suicidal": {
    "precision": 0.6828291814946619,
    "recall": 0.7216737188528444,
    "f1-score": 0.7017142857142857,
    "support": 2127.0
  },
  "accuracy": 0.7816452593391509,
  "macro avg": {
    "precision": 0.7592450362099618,
    "recall": 0.7229560219664491,
    "f1-score": 0.7357860731424035,
    "support": 10199.0
  },
  "weighted avg": {
    "precision": 0.7797936909514982,
    "recall": 0.7816452593391509,
    "f1-score": 0.7788029184648557,
    "support": 10199.0
  }
}